{
	"credit": "KUSIONAYE",
	"textures": {
		"0": "block/note_block/note/7_csharp",
		"particle": "block/note_block/instrument/note_block"
	},
	"elements": [
		{
			"from": [5, 5, 0],
			"to": [11, 11, 0],
			"faces": {
				"north": {"uv": [0, 0, 16, 16], "texture": "#0"}
			}
		},
		{
			"from": [5, 0, 5],
			"to": [11, 0, 11],
			"faces": {
				"down": {"uv": [0, 0, 16, 16], "rotation": 180, "texture": "#0"}
			}
		},
		{
			"from": [5, 16, 5],
			"to": [11, 16, 11],
			"faces": {
				"up": {"uv": [0, 0, 16, 16], "rotation": 180, "texture": "#0"}
			}
		},
		{
			"from": [0, 5, 5],
			"to": [0, 11, 11],
			"faces": {
				"west": {"uv": [0, 0, 16, 16], "texture": "#0"}
			}
		},
		{
			"from": [5, 5, 16],
			"to": [11, 11, 16],
			"faces": {
				"south": {"uv": [0, 0, 16, 16], "texture": "#0"}
			}
		},
		{
			"from": [16, 5, 5],
			"to": [16, 11, 11],
			"faces": {
				"east": {"uv": [0, 0, 16, 16], "texture": "#0"}
			}
		}
	]
}