{
	"credit": "KUSIONAYE",
	"textures": {
		"0": "block/note_block/powered/nb_on",
		"particle": "block/note_block/instrument/note_block"
	},
	"elements": [
		{
			"from": [4, 5, 0],
			"to": [5, 11, 0],
			"faces": {
				"north": {"uv": [0, 0, 1, 6], "texture": "#0"}
			}
		},
		{
			"from": [4, 4, 0],
			"to": [12, 5, 0],
			"faces": {
				"north": {"uv": [0, 0, 8, 1], "texture": "#0"}
			}
		},
		{
			"from": [4, 11, 0],
			"to": [12, 12, 0],
			"faces": {
				"north": {"uv": [0, 0, 8, 1], "texture": "#0"}
			}
		},
		{
			"from": [11, 5, 0],
			"to": [12, 11, 0],
			"faces": {
				"north": {"uv": [0, 0, 1, 6], "texture": "#0"}
			}
		},
		{
			"from": [0, 5, 11],
			"to": [0, 11, 12],
			"faces": {
				"west": {"uv": [0, 0, 1, 6], "texture": "#0"}
			}
		},
		{
			"from": [0, 4, 4],
			"to": [0, 5, 12],
			"faces": {
				"west": {"uv": [0, 0, 8, 1], "texture": "#0"}
			}
		},
		{
			"from": [0, 11, 4],
			"to": [0, 12, 12],
			"faces": {
				"west": {"uv": [0, 0, 8, 1], "texture": "#0"}
			}
		},
		{
			"from": [0, 5, 4],
			"to": [0, 11, 5],
			"faces": {
				"west": {"uv": [0, 0, 1, 6], "texture": "#0"}
			}
		},
		{
			"from": [11, 5, 16],
			"to": [12, 11, 16],
			"faces": {
				"south": {"uv": [0, 0, 1, 6], "texture": "#0"}
			}
		},
		{
			"from": [4, 4, 16],
			"to": [12, 5, 16],
			"faces": {
				"south": {"uv": [0, 0, 8, 1], "texture": "#0"}
			}
		},
		{
			"from": [4, 11, 16],
			"to": [12, 12, 16],
			"faces": {
				"south": {"uv": [0, 0, 8, 1], "texture": "#0"}
			}
		},
		{
			"from": [4, 5, 16],
			"to": [5, 11, 16],
			"faces": {
				"south": {"uv": [0, 0, 1, 6], "texture": "#0"}
			}
		},
		{
			"from": [16, 5, 4],
			"to": [16, 11, 5],
			"faces": {
				"east": {"uv": [0, 0, 1, 6], "texture": "#0"}
			}
		},
		{
			"from": [16, 4, 4],
			"to": [16, 5, 12],
			"faces": {
				"east": {"uv": [0, 0, 8, 1], "texture": "#0"}
			}
		},
		{
			"from": [16, 11, 4],
			"to": [16, 12, 12],
			"faces": {
				"east": {"uv": [0, 0, 8, 1], "texture": "#0"}
			}
		},
		{
			"from": [16, 5, 11],
			"to": [16, 11, 12],
			"faces": {
				"east": {"uv": [0, 0, 1, 6], "texture": "#0"}
			}
		},
		{
			"from": [4, 16, 5],
			"to": [5, 16, 11],
			"faces": {
				"up": {"uv": [0, 0, 1, 6], "rotation": 180, "texture": "#0"}
			}
		},
		{
			"from": [4, 16, 4],
			"to": [12, 16, 5],
			"faces": {
				"up": {"uv": [0, 0, 8, 1], "rotation": 180, "texture": "#0"}
			}
		},
		{
			"from": [4, 16, 11],
			"to": [12, 16, 12],
			"faces": {
				"up": {"uv": [0, 0, 8, 1], "rotation": 180, "texture": "#0"}
			}
		},
		{
			"from": [11, 16, 5],
			"to": [12, 16, 11],
			"faces": {
				"up": {"uv": [0, 0, 1, 6], "rotation": 180, "texture": "#0"}
			}
		},
		{
			"from": [4, 0, 5],
			"to": [5, 0, 11],
			"faces": {
				"down": {"uv": [0, 0, 1, 6], "rotation": 180, "texture": "#0"}
			}
		},
		{
			"from": [4, 0, 11],
			"to": [12, 0, 12],
			"faces": {
				"down": {"uv": [0, 0, 8, 1], "rotation": 180, "texture": "#0"}
			}
		},
		{
			"from": [4, 0, 4],
			"to": [12, 0, 5],
			"faces": {
				"down": {"uv": [0, 0, 8, 1], "rotation": 180, "texture": "#0"}
			}
		},
		{
			"from": [11, 0, 5],
			"to": [12, 0, 11],
			"faces": {
				"down": {"uv": [0, 0, 1, 6], "rotation": 180, "texture": "#0"}
			}
		}
	],
	"groups": [
		{
			"name": "group",
			"origin": [8, 8, 8],
			"children": [0, 1, 2, 3]
		},
		{
			"name": "group",
			"origin": [8, 8, 8],
			"children": [4, 5, 6, 7]
		},
		{
			"name": "group",
			"origin": [8, 8, 8],
			"children": [8, 9, 10, 11]
		},
		{
			"name": "group",
			"origin": [8, 8, 8],
			"children": [12, 13, 14, 15]
		},
		{
			"name": "group",
			"origin": [8, 8, 8],
			"children": [16, 17, 18, 19]
		},
		{
			"name": "group",
			"origin": [8, 8, 8],
			"children": [20, 21, 22, 23]
		}
	]
}