{
	"credit": "KUSIONAYE",
	"textures": {
		"0": "block/note_block/instrument/guitar",
		"particle": "block/note_block/instrument/note_block"
	},
	"elements": [
		{
			"from": [12, 0, 4],
			"to": [16, 4, 12],
			"faces": {
				"east": {"uv": [4, 12, 12, 16], "texture": "#0"},
				"down": {"uv": [12, 4, 16, 12], "texture": "#0"}
			}
		},
		{
			"from": [0, 0, 0],
			"to": [4, 16, 4],
			"faces": {
				"north": {"uv": [12, 0, 16, 16], "texture": "#0"},
				"west": {"uv": [0, 0, 4, 16], "texture": "#0"},
				"up": {"uv": [0, 0, 4, 4], "texture": "#0"},
				"down": {"uv": [0, 12, 4, 16], "texture": "#0"}
			}
		},
		{
			"from": [12, 0, 0],
			"to": [16, 16, 4],
			"faces": {
				"north": {"uv": [0, 0, 4, 16], "texture": "#0"},
				"east": {"uv": [12, 0, 16, 16], "texture": "#0"},
				"up": {"uv": [12, 0, 16, 4], "texture": "#0"},
				"down": {"uv": [12, 12, 16, 16], "texture": "#0"}
			}
		},
		{
			"from": [12, 0, 12],
			"to": [16, 16, 16],
			"faces": {
				"east": {"uv": [0, 0, 4, 16], "texture": "#0"},
				"south": {"uv": [12, 0, 16, 16], "texture": "#0"},
				"up": {"uv": [12, 12, 16, 16], "texture": "#0"},
				"down": {"uv": [12, 0, 16, 4], "texture": "#0"}
			}
		},
		{
			"from": [0, 0, 12],
			"to": [4, 16, 16],
			"faces": {
				"south": {"uv": [0, 0, 4, 16], "texture": "#0"},
				"west": {"uv": [12, 0, 16, 16], "texture": "#0"},
				"up": {"uv": [0, 12, 4, 16], "texture": "#0"},
				"down": {"uv": [0, 0, 4, 4], "texture": "#0"}
			}
		},
		{
			"from": [4, 0, 12],
			"to": [12, 4, 16],
			"faces": {
				"south": {"uv": [4, 12, 12, 16], "texture": "#0"},
				"down": {"uv": [4, 0, 12, 4], "texture": "#0"}
			}
		},
		{
			"from": [4, 12, 12],
			"to": [12, 16, 16],
			"faces": {
				"south": {"uv": [4, 0, 12, 4], "texture": "#0"},
				"up": {"uv": [4, 12, 12, 16], "texture": "#0"}
			}
		},
		{
			"from": [4, 12, 0],
			"to": [12, 16, 4],
			"faces": {
				"north": {"uv": [4, 0, 12, 4], "texture": "#0"},
				"up": {"uv": [4, 0, 12, 4], "texture": "#0"}
			}
		},
		{
			"from": [4, 0, 0],
			"to": [12, 4, 4],
			"faces": {
				"north": {"uv": [4, 12, 12, 16], "texture": "#0"},
				"down": {"uv": [4, 12, 12, 16], "texture": "#0"}
			}
		},
		{
			"from": [0, 0, 4],
			"to": [4, 4, 12],
			"faces": {
				"west": {"uv": [4, 12, 12, 16], "texture": "#0"},
				"down": {"uv": [0, 4, 4, 12], "texture": "#0"}
			}
		},
		{
			"from": [0, 12, 4],
			"to": [4, 16, 12],
			"faces": {
				"west": {"uv": [4, 0, 12, 4], "texture": "#0"},
				"up": {"uv": [0, 5, 4, 13], "texture": "#0"}
			}
		},
		{
			"from": [12, 12, 4],
			"to": [16, 16, 12],
			"faces": {
				"east": {"uv": [4, 0, 12, 4], "texture": "#0"},
				"up": {"uv": [12, 4, 16, 12], "texture": "#0"}
			}
		}
	],
	"groups": [
		{
			"name": "group",
			"origin": [8, 8, 8],
			"children": [0, 1, 2, 3, 4, 5, 6, 7, 8, 9, 10, 11]
		}
	]
}